date,gnss_day,field_occupations,matched_within_30m
2026-01-16,1,118,118
2026-01-16,2,118,0
2026-01-16,3,118,0
2026-01-16,4,118,0
2026-01-16,5,118,0
2026-01-16,6,118,0
2026-01-16,7,118,0
2026-01-16,8,118,0
2026-01-16,9,118,0
2026-01-17,1,91,0
2026-01-17,2,91,90
2026-01-17,3,91,0
2026-01-17,4,91,0
2026-01-17,5,91,0
2026-01-17,6,91,0
2026-01-17,7,91,0
2026-01-17,8,91,0
2026-01-17,9,91,0
2026-01-18,1,117,0
2026-01-18,2,117,0
2026-01-18,3,117,114
2026-01-18,4,117,1
2026-01-18,5,117,0
2026-01-18,6,117,0
2026-01-18,7,117,0
2026-01-18,8,117,1
2026-01-18,9,117,0
2026-01-19,1,75,0
2026-01-19,2,75,0
2026-01-19,3,75,0
2026-01-19,4,75,57
2026-01-19,5,75,0
2026-01-19,6,75,1
2026-01-19,7,75,0
2026-01-19,8,75,0
2026-01-19,9,75,0
2026-01-20,1,121,0
2026-01-20,2,121,0
2026-01-20,3,121,0
2026-01-20,4,121,0
2026-01-20,5,121,120
2026-01-20,6,121,0
2026-01-20,7,121,2
2026-01-20,8,121,0
2026-01-20,9,121,0
2026-01-21,1,78,0
2026-01-21,2,78,0
2026-01-21,3,78,0
2026-01-21,4,78,0
2026-01-21,5,78,0
2026-01-21,6,78,60
2026-01-21,7,78,0
2026-01-21,8,78,0
2026-01-21,9,78,0
2026-01-22,1,148,0
2026-01-22,2,148,0
2026-01-22,3,148,0
2026-01-22,4,148,0
2026-01-22,5,148,2
2026-01-22,6,148,0
2026-01-22,7,148,140
2026-01-22,8,148,0
2026-01-22,9,148,0
2026-01-23,1,175,0
2026-01-23,2,175,0
2026-01-23,3,175,4
2026-01-23,4,175,0
2026-01-23,5,175,0
2026-01-23,6,175,0
2026-01-23,7,175,0
2026-01-23,8,175,169
2026-01-23,9,175,0
2026-01-24,1,102,0
2026-01-24,2,102,0
2026-01-24,3,102,0
2026-01-24,4,102,0
2026-01-24,5,102,0
2026-01-24,6,102,0
2026-01-24,7,102,0
2026-01-24,8,102,0
2026-01-24,9,102,63
