occ_id,instrument,date,t,g100,sigma,source
1,CG6-0313,2026-01-16,2026-01-16 03:55:57.000000,9344.08,0.086857,station 0 + median 0->100 tie
2,CG6-0313,2026-01-16,2026-01-16 06:10:06.000000,9344.08,0.00317517,station 100
3,CG6-0313,2026-01-16,2026-01-16 06:54:38.000000,9344.64,0.00265701,station 100
30,CG6-0313,2026-01-16,2026-01-16 10:14:50.000000,9344.54,0.00792789,station 100
31,CG6-0313,2026-01-16,2026-01-16 10:56:35.000000,9344.58,0.00523383,station 100
64,CG6-0313,2026-01-16,2026-01-16 15:04:58.500000,9344.54,0.00948473,station 100
65,CG6-0313,2026-01-16,2026-01-16 17:57:37.000000,9344.53,0.0868669,station 0 + median 0->100 tie
66,CG6-0313,2026-01-17,2026-01-17 06:41:47.000000,9344.24,0.0873909,station 0 + median 0->100 tie
67,CG6-0313,2026-01-17,2026-01-17 09:08:51.000000,9344.16,0.0104851,station 100
79,CG6-0313,2026-01-17,2026-01-17 11:16:57.000000,9344.13,0.00712156,station 100
110,CG6-0313,2026-01-17,2026-01-17 14:46:53.000000,9344.24,0.00450302,station 100
111,CG6-0313,2026-01-17,2026-01-17 16:06:18.000000,9344.09,0.0871772,station 0 + median 0->100 tie
112,CG6-0313,2026-01-18,2026-01-18 03:57:06.000000,9343.86,0.0871973,station 0 + median 0->100 tie
113,CG6-0313,2026-01-18,2026-01-18 06:13:53.000000,9343.8,0.00254084,station 100
134,CG6-0313,2026-01-18,2026-01-18 10:19:04.000000,9343.66,0.00326859,station 100
160,CG6-0313,2026-01-19,2026-01-19 09:04:00.000000,9343.83,0.0109482,station 100
183,CG6-0313,2026-01-19,2026-01-19 13:10:27.000000,9343.78,0.00378919,station 100
184,CG6-0313,2026-01-19,2026-01-19 16:09:55.000000,9343.62,0.0871794,station 0 + median 0->100 tie
185,CG6-0313,2026-01-20,2026-01-20 04:16:33.000000,9343.45,0.0870019,station 0 + median 0->100 tie
212,CG6-0313,2026-01-20,2026-01-20 11:39:38.000000,9343.33,0.00757582,station 100
226,CG6-0313,2026-01-20,2026-01-20 15:09:12.000000,9343.17,0.0133538,station 100
227,CG6-0313,2026-01-20,2026-01-20 16:24:01.000000,9343.11,0.0876936,station 0 + median 0->100 tie
228,CG6-0313,2026-01-21,2026-01-21 05:27:44.000000,9342.82,0.0873036,station 0 + median 0->100 tie
229,CG6-0313,2026-01-21,2026-01-21 07:32:01.000000,9342.82,0.0101927,station 100
261,CG6-0313,2026-01-21,2026-01-21 13:19:33.000000,9342.7,0.00699867,station 100
273,CG6-0313,2026-01-21,2026-01-21 14:56:32.000000,9342.76,0.0131174,station 100
274,CG6-0313,2026-01-21,2026-01-21 16:03:02.000000,9342.71,0.0869444,station 0 + median 0->100 tie
275,CG6-0313,2026-01-22,2026-01-22 04:52:44.000000,9342.22,0.0868489,station 0 + median 0->100 tie
276,CG6-0313,2026-01-22,2026-01-22 07:26:56.000000,9342.16,0.00341631,station 100
316,CG6-0313,2026-01-22,2026-01-22 11:58:48.000000,9342.09,0.00335661,station 100
351,CG6-0313,2026-01-22,2026-01-22 15:34:05.000000,9342.05,0.00517051,station 100
352,CG6-0313,2026-01-22,2026-01-22 18:04:50.000000,9342.08,0.086869,station 0 + median 0->100 tie
353,CG6-0313,2026-01-23,2026-01-23 04:27:20.000000,9341.95,0.0870558,station 0 + median 0->100 tie
354,CG6-0313,2026-01-23,2026-01-23 06:31:18.000000,9341.85,0.0104086,station 100
421,CG6-0313,2026-01-23,2026-01-23 12:39:15.000000,9341.67,0.00850334,station 100
446,CG6-0313,2026-01-23,2026-01-23 15:31:31.000000,9341.72,0.00326287,station 100
447,CG6-0313,2026-01-23,2026-01-23 18:01:51.000000,9341.55,0.0869775,station 0 + median 0->100 tie
448,CG6-0313,2026-01-24,2026-01-24 05:00:54.000000,9341.57,0.0872998,station 0 + median 0->100 tie
449,CG6-0313,2026-01-24,2026-01-24 06:44:06.000000,9341.53,0.00469277,station 100
491,CG6-0313,2026-01-24,2026-01-24 12:56:30.000000,9341.37,0.00724242,station 100
512,CG6-0313,2026-01-24,2026-01-24 16:19:37.571428,9341.29,0.00601408,station 100
513,CG6-0313,2026-01-24,2026-01-24 17:55:32.750000,9341.32,0.0868945,station 0 + median 0->100 tie
514,CG6-0640,2026-01-16,2026-01-16 03:54:19.000000,3407.03,0.00777101,station 0 + median 0->100 tie
515,CG6-0640,2026-01-16,2026-01-16 06:09:20.000000,3407.02,0.000999062,station 100
516,CG6-0640,2026-01-16,2026-01-16 06:52:26.000000,3407.02,0.00150561,station 100
535,CG6-0640,2026-01-16,2026-01-16 09:36:44.000000,3407.03,0.000951643,station 100
561,CG6-0640,2026-01-16,2026-01-16 12:06:07.000000,3407.03,0.0011051,station 100
579,CG6-0640,2026-01-16,2026-01-16 13:59:21.000000,3407.02,0.000903466,station 100
580,CG6-0640,2026-01-16,2026-01-16 17:56:41.000000,3407.04,0.00774373,station 0 + median 0->100 tie
581,CG6-0640,2026-01-17,2026-01-17 06:40:52.000000,3407.02,0.00774378,station 0 + median 0->100 tie
582,CG6-0640,2026-01-17,2026-01-17 09:06:19.000000,3407.01,0.000724569,station 100
613,CG6-0640,2026-01-17,2026-01-17 11:45:53.000000,3407.04,0.000882114,station 100
634,CG6-0640,2026-01-17,2026-01-17 14:18:01.000000,3407.03,0.00137136,station 100
635,CG6-0640,2026-01-17,2026-01-17 16:03:33.000000,3407.02,0.00773017,station 0 + median 0->100 tie
636,CG6-0640,2026-01-18,2026-01-18 03:49:43.000000,3407.02,0.00772441,station 0 + median 0->100 tie
637,CG6-0640,2026-01-18,2026-01-18 06:05:44.000000,3407.03,0.000531507,station 100
676,CG6-0640,2026-01-18,2026-01-18 10:03:19.000000,3407.03,0.000480885,station 100
714,CG6-0640,2026-01-18,2026-01-18 14:27:03.000000,3407.03,0.00120027,station 100
715,CG6-0640,2026-01-18,2026-01-18 16:32:16.000000,3407.02,0.00777616,station 0 + median 0->100 tie
716,CG6-0640,2026-01-19,2026-01-19 06:59:56.000000,3407.01,0.00774814,station 0 + median 0->100 tie
717,CG6-0640,2026-01-19,2026-01-19 08:58:05.000000,3407.01,0.00147203,station 100
771,CG6-0640,2026-01-19,2026-01-19 15:00:30.000000,3407.01,0.0006408,station 100
772,CG6-0640,2026-01-19,2026-01-19 15:58:43.000000,3407.02,0.0077399,station 0 + median 0->100 tie
773,CG6-0640,2026-01-20,2026-01-20 04:14:34.000000,3407.02,0.00776216,station 0 + median 0->100 tie
774,CG6-0640,2026-01-20,2026-01-20 05:53:52.000000,3407.01,0.000794119,station 100
858,CG6-0640,2026-01-20,2026-01-20 14:20:01.000000,3407.01,0.00110764,station 100
859,CG6-0640,2026-01-20,2026-01-20 16:06:59.000000,3407,0.00779554,station 0 + median 0->100 tie
860,CG6-0640,2026-01-21,2026-01-21 05:22:54.000000,3407,0.00774511,station 0 + median 0->100 tie
861,CG6-0640,2026-01-21,2026-01-21 07:29:46.000000,3407,0.000789383,station 100
898,CG6-0640,2026-01-21,2026-01-21 14:49:34.000000,3407.01,0.000990581,station 100
899,CG6-0640,2026-01-21,2026-01-21 16:10:59.000000,3407,0.00775761,station 0 + median 0->100 tie
900,CG6-0640,2026-01-22,2026-01-22 04:55:49.000000,3407,0.00776107,station 0 + median 0->100 tie
901,CG6-0640,2026-01-22,2026-01-22 07:24:49.000000,3407,0.000968569,station 100
963,CG6-0640,2026-01-22,2026-01-22 12:49:01.000000,3407,0.00146138,station 100
978,CG6-0640,2026-01-22,2026-01-22 15:32:31.000000,3407,0.0011758,station 100
979,CG6-0640,2026-01-22,2026-01-22 18:07:05.000000,3407,0.00779398,station 0 + median 0->100 tie
980,CG6-0640,2026-01-23,2026-01-23 04:18:58.000000,3407.02,0.0077416,station 0 + median 0->100 tie
981,CG6-0640,2026-01-23,2026-01-23 06:27:54.000000,3407.01,0.000889874,station 100
1051,CG6-0640,2026-01-23,2026-01-23 13:35:36.000000,3407.01,0.000828779,station 100
1068,CG6-0640,2026-01-23,2026-01-23 15:30:15.000000,3407.01,0.00123161,station 100
1069,CG6-0640,2026-01-23,2026-01-23 17:55:35.000000,3407,0.00777411,station 0 + median 0->100 tie
1070,CG6-0640,2026-01-24,2026-01-24 04:42:31.000000,3407,0.00783904,station 0 + median 0->100 tie
1071,CG6-0640,2026-01-24,2026-01-24 06:40:32.000000,3407,0.00231962,station 100
1095,CG6-0640,2026-01-24,2026-01-24 10:15:35.000000,3407,0.00255661,station 100
1115,CG6-0640,2026-01-24,2026-01-24 14:53:32.000000,3407,0.00423294,station 100
1116,CG6-0640,2026-01-24,2026-01-24 17:39:51.000000,3407.01,0.00889961,station 0 + median 0->100 tie
