instrument,date,leg,t_hotel,t_base100,dt_hours,tie_raw_mgal,day_rate_mgal_per_h,tie_used,hotel_reject_reasons
CG6-0313,2026-01-16,morning,2026-01-16 03:55:57.000,2026-01-16 06:10:06.000000,2.23583,-65.3207,0.0520572,True,
CG6-0313,2026-01-16,evening,2026-01-16 17:57:37.000,2026-01-16 15:04:58.500000,-2.87736,-65.3148,0.0520572,True,
CG6-0313,2026-01-17,morning,2026-01-17 06:41:47.000,2026-01-17 09:08:51.000000,2.45111,-65.4027,0.0140729,True,
CG6-0313,2026-01-17,evening,2026-01-17 16:06:18.000,2026-01-17 14:46:53.000000,-1.32361,-65.1726,0.0140729,True,
CG6-0313,2026-01-18,morning,2026-01-18 03:57:06.000,2026-01-18 06:13:53.000000,2.27972,-65.381,-0.0337672,True,
CG6-0313,2026-01-18,evening,2026-01-18 16:36:24.000,2026-01-18 10:19:04.000000,-6.28889,,-0.0337672,False,FROZEN_SENSOR_OUTPUT
CG6-0313,2026-01-19,morning,2026-01-19 07:01:36.000,2026-01-19 09:04:00.000000,2.04,,-0.0126349,False,FROZEN_SENSOR_OUTPUT
CG6-0313,2026-01-19,evening,2026-01-19 16:09:55.000,2026-01-19 13:10:27.000000,-2.99111,-65.1664,-0.0126349,True,
CG6-0313,2026-01-20,morning,2026-01-20 04:16:33.000,2026-01-20 11:39:38.000000,7.38472,,-0.0454769,False,REPEAT_OUTLIER
CG6-0313,2026-01-20,evening,2026-01-20 16:24:01.000,2026-01-20 15:09:12.000000,-1.24694,-65.2628,-0.0454769,True,
CG6-0313,2026-01-21,morning,2026-01-21 05:27:44.000,2026-01-21 07:32:01.000000,2.07139,-65.3243,-0.00860429,True,
CG6-0313,2026-01-21,evening,2026-01-21 16:03:02.000,2026-01-21 14:56:32.000000,-1.10833,-65.2737,-0.00860429,True,
CG6-0313,2026-01-22,morning,2026-01-22 04:52:44.000,2026-01-22 07:26:56.000000,2.57,-65.3812,-0.0134602,True,
CG6-0313,2026-01-22,evening,2026-01-22 18:04:50.000,2026-01-22 15:34:05.000000,-2.5125,-65.3538,-0.0134602,True,
CG6-0313,2026-01-23,morning,2026-01-23 04:27:20.000,2026-01-23 06:31:18.000000,2.06611,-65.4258,-0.0151066,True,
CG6-0313,2026-01-23,evening,2026-01-23 18:01:51.000,2026-01-23 15:31:31.000000,-2.50556,-65.1566,-0.0151066,True,
CG6-0313,2026-01-24,morning,2026-01-24 05:00:54.000,2026-01-24 06:44:06.000000,1.72,-65.3571,-0.0254427,True,
CG6-0313,2026-01-24,evening,2026-01-24 17:55:32.750,2026-01-24 16:19:37.571428,-1.59866,-65.3579,-0.0254427,True,
CG6-0640,2026-01-16,morning,2026-01-16 03:54:19.000,2026-01-16 06:09:20.000000,2.25028,-66.0837,0.000483545,True,
CG6-0640,2026-01-16,evening,2026-01-16 17:56:41.000,2026-01-16 13:59:21.000000,-3.95556,-66.0861,0.000483545,True,
CG6-0640,2026-01-17,morning,2026-01-17 06:40:52.000,2026-01-17 09:06:19.000000,2.42417,-66.0843,0.00276523,True,
CG6-0640,2026-01-17,evening,2026-01-17 16:03:33.000,2026-01-17 14:18:01.000000,-1.75889,-66.0705,0.00276523,True,
CG6-0640,2026-01-18,morning,2026-01-18 03:49:43.000,2026-01-18 06:05:44.000000,2.26694,-66.0609,-0.000359227,True,
CG6-0640,2026-01-18,evening,2026-01-18 16:32:16.000,2026-01-18 14:27:03.000000,-2.08694,-66.0722,-0.000359227,True,
CG6-0640,2026-01-19,morning,2026-01-19 06:59:56.000,2026-01-19 08:58:05.000000,1.96917,-66.0778,0.000672126,True,
CG6-0640,2026-01-19,evening,2026-01-19 15:58:43.000,2026-01-19 15:00:30.000000,-0.970278,-66.08,0.000672126,True,
CG6-0640,2026-01-20,morning,2026-01-20 04:14:34.000,2026-01-20 05:53:52.000000,1.655,-66.0751,-0.000502862,True,
CG6-0640,2026-01-20,evening,2026-01-20 16:06:59.000,2026-01-20 14:20:01.000000,-1.78278,-66.0678,-0.000502862,True,
CG6-0640,2026-01-21,morning,2026-01-21 05:22:54.000,2026-01-21 07:29:46.000000,2.11444,-66.0704,0.00176178,True,
CG6-0640,2026-01-21,evening,2026-01-21 16:10:59.000,2026-01-21 14:49:34.000000,-1.35694,-66.0624,0.00176178,True,
CG6-0640,2026-01-22,morning,2026-01-22 04:55:49.000,2026-01-22 07:24:49.000000,2.48333,-66.0702,0.00018748,True,
CG6-0640,2026-01-22,evening,2026-01-22 18:07:05.000,2026-01-22 15:32:31.000000,-2.57611,-66.0765,0.00018748,True,
CG6-0640,2026-01-23,morning,2026-01-23 04:18:58.000,2026-01-23 06:27:54.000000,2.14889,-66.0797,9.29536e-05,True,
CG6-0640,2026-01-23,evening,2026-01-23 17:55:35.000,2026-01-23 15:30:15.000000,-2.42222,-66.0666,9.29536e-05,True,
CG6-0640,2026-01-24,morning,2026-01-24 04:42:31.000,2026-01-24 06:40:32.000000,1.96694,-66.0675,-0.0010418,True,
CG6-0640,2026-01-24,evening,2026-01-24 17:39:51.000,2026-01-24 14:53:32.000000,-2.77194,-66.0835,-0.0010418,True,
