instrument,date,t,observed,predicted,misclosure_mgal
CG6-0313,2026-01-16,2026-01-16 06:54:38,9344.64,9344.16,0.473273
CG6-0313,2026-01-16,2026-01-16 10:14:50,9344.54,9344.59,-0.0414267
CG6-0313,2026-01-16,2026-01-16 10:56:35,9344.58,9344.54,0.0308028
CG6-0313,2026-01-17,2026-01-17 11:16:57,9344.13,9344.19,-0.0605506
CG6-0313,2026-01-21,2026-01-21 13:19:33,9342.7,9342.77,-0.0771578
CG6-0313,2026-01-22,2026-01-22 11:58:48,9342.09,9342.1,-0.00754661
CG6-0313,2026-01-23,2026-01-23 12:39:15,9341.67,9341.76,-0.0859414
CG6-0313,2026-01-24,2026-01-24 12:56:30,9341.37,9341.38,-0.00813051
CG6-0640,2026-01-16,2026-01-16 06:52:26,3407.02,3407.02,-0.00568703
CG6-0640,2026-01-16,2026-01-16 09:36:44,3407.03,3407.02,0.00432515
CG6-0640,2026-01-16,2026-01-16 12:06:07,3407.03,3407.03,0.00178665
CG6-0640,2026-01-17,2026-01-17 11:45:53,3407.04,3407.02,0.0203732
CG6-0640,2026-01-18,2026-01-18 10:03:19,3407.03,3407.03,-0.00193893
CG6-0640,2026-01-22,2026-01-22 12:49:01,3407,3407,-0.00320664
CG6-0640,2026-01-23,2026-01-23 13:35:36,3407.01,3407.01,0.000134786
CG6-0640,2026-01-24,2026-01-24 10:15:35,3407,3407,-0.00304559
