instrument,date,t0,t1,dt_hours,dg_mgal,rate_mgal_per_h
CG6-0313,2026-01-16,2026-01-16 06:10:06,2026-01-16 06:54:38.000000,0.742222,0.557873,0.751625
CG6-0313,2026-01-16,2026-01-16 06:54:38,2026-01-16 10:14:50.000000,3.33667,-0.0929561,-0.027859
CG6-0313,2026-01-16,2026-01-16 10:14:50,2026-01-16 10:56:35.000000,0.695833,0.0306806,0.0440919
CG6-0313,2026-01-16,2026-01-16 10:56:35,2026-01-16 15:04:58.500000,4.13986,-0.0315295,-0.00761607
CG6-0313,2026-01-17,2026-01-17 09:08:51,2026-01-17 11:16:57.000000,2.135,-0.0305049,-0.014288
CG6-0313,2026-01-17,2026-01-17 11:16:57,2026-01-17 14:46:53.000000,3.49889,0.10979,0.0313786
CG6-0313,2026-01-18,2026-01-18 06:13:53,2026-01-18 10:19:04.000000,4.08639,-0.137986,-0.0337672
CG6-0313,2026-01-19,2026-01-19 09:04:00,2026-01-19 13:10:27.000000,4.1075,-0.0518981,-0.0126349
CG6-0313,2026-01-20,2026-01-20 11:39:38,2026-01-20 15:09:12.000000,3.49278,-0.158841,-0.0454769
CG6-0313,2026-01-21,2026-01-21 07:32:01,2026-01-21 13:19:33.000000,5.79222,-0.126996,-0.0219252
CG6-0313,2026-01-21,2026-01-21 13:19:33,2026-01-21 14:56:32.000000,1.61639,0.0632499,0.0391304
CG6-0313,2026-01-22,2026-01-22 07:26:56,2026-01-22 11:58:48.000000,4.53111,-0.0685363,-0.0151257
CG6-0313,2026-01-22,2026-01-22 11:58:48,2026-01-22 15:34:05.000000,3.58806,-0.0407493,-0.0113569
CG6-0313,2026-01-23,2026-01-23 06:31:18,2026-01-23 12:39:15.000000,6.1325,-0.178583,-0.0291207
CG6-0313,2026-01-23,2026-01-23 12:39:15,2026-01-23 15:31:31.000000,2.87111,0.0425686,0.0148265
CG6-0313,2026-01-24,2026-01-24 06:44:06,2026-01-24 12:56:30.000000,6.20667,-0.166045,-0.0267527
CG6-0313,2026-01-24,2026-01-24 12:56:30,2026-01-24 16:19:37.571428,3.38544,-0.0780043,-0.0230411
CG6-0640,2026-01-16,2026-01-16 06:09:20,2026-01-16 06:52:26.000000,0.718333,-0.00455403,-0.00633972
CG6-0640,2026-01-16,2026-01-16 06:52:26,2026-01-16 09:36:44.000000,2.73833,0.0100061,0.00365408
CG6-0640,2026-01-16,2026-01-16 09:36:44,2026-01-16 12:06:07.000000,2.48972,0.00084003,0.000337399
CG6-0640,2026-01-16,2026-01-16 12:06:07,2026-01-16 13:59:21.000000,1.88722,-0.00250419,-0.00132692
CG6-0640,2026-01-17,2026-01-17 09:06:19,2026-01-17 11:45:53.000000,2.65944,0.0277271,0.0104259
CG6-0640,2026-01-17,2026-01-17 11:45:53,2026-01-17 14:18:01.000000,2.53556,-0.0133618,-0.00526976
CG6-0640,2026-01-18,2026-01-18 06:05:44,2026-01-18 10:03:19.000000,3.95972,-0.00336137,-0.000848889
CG6-0640,2026-01-18,2026-01-18 10:03:19,2026-01-18 14:27:03.000000,4.39556,0.000359926,8.18841e-05
CG6-0640,2026-01-19,2026-01-19 08:58:05,2026-01-19 15:00:30.000000,6.04028,0.00405983,0.000672126
CG6-0640,2026-01-20,2026-01-20 05:53:52,2026-01-20 14:20:01.000000,8.43583,-0.00424206,-0.000502862
CG6-0640,2026-01-21,2026-01-21 07:29:46,2026-01-21 14:49:34.000000,7.33,0.0129138,0.00176178
CG6-0640,2026-01-22,2026-01-22 07:24:49,2026-01-22 12:49:01.000000,5.40333,-0.00219362,-0.000405975
CG6-0640,2026-01-22,2026-01-22 12:49:01,2026-01-22 15:32:31.000000,2.725,0.00371752,0.00136423
CG6-0640,2026-01-23,2026-01-23 06:27:54,2026-01-23 13:35:36.000000,7.12833,0.00079739,0.000111862
CG6-0640,2026-01-23,2026-01-23 13:35:36,2026-01-23 15:30:15.000000,1.91083,4.28333e-05,2.2416e-05
CG6-0640,2026-01-24,2026-01-24 06:40:32,2026-01-24 10:15:35.000000,3.58417,-0.00677957,-0.00189153
CG6-0640,2026-01-24,2026-01-24 10:15:35,2026-01-24 14:53:32.000000,4.6325,-0.00178054,-0.000384358
