instrument,date,n_base100_occupations,n_base100_valid,hotel_closure_mgal,hotel_closure_hours,base100_first_last_mgal,base100_span_hours,base100_range_mgal,base100_first_value,base100_first_time
CG6-0313,2026-01-16,5,5,0.458185,14.0278,0.464068,8.91458,0.557873,9344.08,2026-01-16 06:10:06
CG6-0313,2026-01-17,3,3,-0.150751,9.40861,0.0792852,5.63389,0.10979,9344.16,2026-01-17 09:08:51
CG6-0313,2026-01-18,3,2,,,-0.137986,4.08639,0.137986,9343.8,2026-01-18 06:13:53
CG6-0313,2026-01-19,2,2,,,-0.0518981,4.1075,0.0518981,9343.83,2026-01-19 09:04:00
CG6-0313,2026-01-20,3,2,-0.341437,12.1244,-0.158841,3.49278,0.158841,9343.33,2026-01-20 11:39:38
CG6-0313,2026-01-21,3,3,-0.114372,10.5883,-0.0637458,7.40861,0.126996,9342.82,2026-01-21 07:32:01
CG6-0313,2026-01-22,3,3,-0.13664,13.2017,-0.109286,8.11917,0.109286,9342.16,2026-01-22 07:26:56
CG6-0313,2026-01-23,3,3,-0.405288,13.5753,-0.136014,9.00361,0.178583,9341.85,2026-01-23 06:31:18
CG6-0313,2026-01-24,4,3,-0.243225,12.9108,-0.244049,9.5921,0.244049,9341.53,2026-01-24 06:44:06
CG6-0640,2026-01-16,5,5,0.00623799,14.0394,0.0037879,7.83361,0.0108461,3407.02,2026-01-16 06:09:20
CG6-0640,2026-01-17,3,3,0.000532023,9.37806,0.0143654,5.195,0.0277271,3407.01,2026-01-17 09:06:19
CG6-0640,2026-01-18,3,3,0.00825411,12.7092,-0.00300144,8.35528,0.00336137,3407.03,2026-01-18 06:05:44
CG6-0640,2026-01-19,2,2,0.00625295,8.97972,0.00405983,6.04028,0.00405983,3407.01,2026-01-19 08:58:05
CG6-0640,2026-01-20,2,2,-0.0115624,11.8736,-0.00424206,8.43583,0.00424206,3407.01,2026-01-20 05:53:52
CG6-0640,2026-01-21,2,2,0.00493238,10.8014,0.0129138,7.33,0.0129138,3407,2026-01-21 07:29:46
CG6-0640,2026-01-22,3,3,0.00781009,13.1878,0.0015239,8.12833,0.00371752,3407,2026-01-22 07:24:49
CG6-0640,2026-01-23,3,3,-0.0122117,13.6103,0.000840223,9.03917,0.000840223,3407.01,2026-01-23 06:27:54
CG6-0640,2026-01-24,3,3,0.00741918,12.9556,-0.00856011,8.21667,0.00856011,3407,2026-01-24 06:40:32
