profile_id,instrument,line,n_stations,dates,length_km,H_min,H_max,relief_m,mean_spacing_m,lat_c,lon_c,n_extrapolated_drift,eligible
N-L1-1-148,CG6-0640,1,147,"2026-01-16,2026-01-17,2026-01-18",30.3788,2.2318,338.67,336.438,208.074,24.8042,34.8812,0,True
N-L1-149-225,CG6-0640,1,76,"2026-01-18,2026-01-19",17.2062,252.121,489.53,237.41,229.416,24.746,34.7922,0,True
N-L1-226-245,CG6-0640,1,20,"2026-01-19,2026-01-20",4.42829,334.277,403.081,68.8047,233.068,24.7524,34.773,0,True
N-L1-246-300,CG6-0640,1,54,2026-01-20,10.3161,371.874,460.555,88.6815,194.644,24.7363,34.7441,0,True
N-L1-301-335,CG6-0640,1,22,"2026-01-20,2026-01-21",5.19351,384.278,462.076,77.7973,247.31,24.7226,34.769,0,True
N-L1-337-346,CG6-0640,1,10,2026-01-21,1.84638,457.068,489.055,31.9869,205.153,24.7084,34.767,0,False
N-L1-347-357,CG6-0640,1,9,2026-01-21,1.80158,408.509,432.574,24.0649,225.197,24.7146,34.7816,0,False
N-L1-358-418,CG6-0640,1,57,2026-01-22,11.94,335.497,478.325,142.828,213.214,24.7906,34.748,0,True
N-L1-419-432,CG6-0640,1,13,2026-01-22,2.12127,268.619,326.63,58.0106,176.773,24.8041,34.8047,0,False
N-L1-433-501,CG6-0640,1,69,2026-01-23,17.097,230.554,392.48,161.926,251.427,24.7304,34.8506,0,True
N-L1-502-517,CG6-0640,1,16,2026-01-23,3.14441,42.0848,146.851,104.766,209.627,24.7933,34.9782,0,True
N-L1-518-540,CG6-0640,1,22,2026-01-24,5.99227,295.756,333.738,37.9824,285.346,24.761,34.8306,0,False
N-L1-541-557,CG6-0640,1,16,2026-01-24,3.33391,247.865,302.859,54.9932,222.26,24.7519,34.8581,0,True
O-L10-1-25,CG6-0313,10,24,"2026-01-21,2026-01-22",4.78508,53.6866,154.967,101.281,208.047,24.7809,34.9687,0,True
O-L10-26-50,CG6-0313,10,25,2026-01-22,4.88845,55.2152,185.544,130.329,203.686,24.8209,34.9479,0,True
O-L11-2-65,CG6-0313,11,64,"2026-01-22,2026-01-23",11.8163,184.697,334.029,149.332,187.561,24.7392,34.8729,0,True
O-L12-1-34,CG6-0313,12,34,2026-01-23,6.3313,243.941,328.135,84.1937,191.858,24.7356,34.8597,0,True
O-L13-1-15,CG6-0313,13,15,2026-01-23,2.68102,59.5341,135.96,76.4263,191.501,24.8109,34.9441,0,True
O-L14-2-8,CG6-0313,14,7,2026-01-23,1.158,43.3355,80.8806,37.5451,193,24.8014,34.9759,0,False
O-L15-1-60,CG6-0313,15,55,2026-01-24,11.428,230.151,395.291,165.14,211.63,24.7,34.8487,0,True
O-L2-1-26,CG6-0313,2,25,2026-01-16,5.1722,103.266,180.634,77.3684,215.509,24.778,34.9149,0,True
O-L3-1-42,CG6-0313,3,42,"2026-01-16,2026-01-17",7.70059,184.121,292.486,108.365,187.819,24.7816,34.8566,0,True
O-L4-1-50,CG6-0313,4,50,"2026-01-17,2026-01-18",9.27778,203.961,356.741,152.779,189.342,24.7613,34.8457,0,True
O-L5-1-22,CG6-0313,5,21,2026-01-18,4.16821,253.421,306.257,52.8359,208.41,24.7822,34.8108,0,True
O-L6-1-46,CG6-0313,6,46,"2026-01-19,2026-01-20,2026-01-21",4.81239,235.882,308.057,72.1744,106.942,24.8078,34.823,0,True
O-L7-1-16,CG6-0313,7,16,2026-01-19,2.76859,211.84,280.352,68.5111,184.572,24.82,34.8379,0,True
O-L8-1-4,CG6-0313,8,4,2026-01-19,0.530073,260.958,274.05,13.0923,176.691,24.8225,34.8311,0,False
O-L9-1-25,CG6-0313,9,25,2026-01-20,2.85331,216.46,317.988,101.528,118.888,24.8139,34.8331,0,True
