profile_id,n_used,rho_zero_corr,rho_regression,rho_regression_se,residual_rms_mgal,rho_boot_p2_5,rho_boot_p50,rho_boot_p97_5,n_boot,rho_min_roughness,corr_at_2_67,relief_m,length_km
N-L1-1-148,147,3.02829,3.02829,2.04589,1.56744,-2.25271,3.64529,11.218,2000,3.2,0.0145923,337.535,30.3788
N-L1-149-225,76,,-1.13361,0.1238,0.485742,-1.45139,-1.04542,-0.27836,2000,1.8,-0.96344,237.575,17.2062
N-L1-226-245,20,,3.64186,0.820884,0.348451,-2.06066,3.29394,7.48318,2000,1.8,0.275989,68.914,4.42829
N-L1-246-300,54,,-2.02881,0.325049,0.659529,-3.05622,-1.9616,-0.461676,2000,1.8,-0.896561,88.72,10.3161
N-L1-301-335,22,3.0086,3.0086,0.284642,0.642513,-12.4142,2.82931,3.57367,2000,2.7,0.263275,77.729,5.19351
N-L1-358-418,57,,1.63178,0.111624,0.885056,0.748444,1.74165,4.7289,2000,3.2,-0.784654,142.852,11.94
N-L1-433-501,69,2.87808,2.87808,0.0929893,0.745698,1.9705,2.8557,3.69007,2000,3.2,0.265555,162.217,17.097
N-L1-502-517,16,,-0.854035,1.93907,0.261113,-1.21564,1.91164,10.6323,2000,3.2,-0.450106,104.772,3.14441
N-L1-541-557,16,2.92945,2.92945,0.73425,0.429021,1.81392,3.69492,8.63291,2000,3.2,0.0975365,55.0336,3.33391
O-L10-1-25,24,,1.64084,0.718208,0.147563,-0.831927,1.74128,4.34956,2000,1.8,-0.298446,101.235,4.78508
O-L10-26-50,25,,8.3981,0.600486,0.193362,4.36636,8.18237,10.8717,2000,3.2,0.897385,130.416,4.88845
O-L11-2-65,64,,11.9827,0.73273,0.57026,9.47118,12.5087,15.7142,2000,3.2,0.851988,149.585,11.8163
O-L12-1-34,34,,-13.04,3.58468,0.485195,-17.4387,-8.98486,5.93315,2000,1.8,-0.618508,84.366,6.3313
O-L13-1-15,15,,3.99168,2.13045,0.135053,0.0743959,4.36008,13.5581,2000,2.18,0.176282,76.498,2.68102
O-L15-1-60,55,,-0.938852,0.752579,0.935831,-3.38716,-1.22972,11.6603,2000,3.2,-0.553733,165.474,11.428
O-L2-1-26,25,,-6.80654,2.88397,0.493808,-9.0322,2.47495,19.0293,2000,3.2,-0.573772,77.577,5.1722
O-L3-1-42,42,2.93754,2.93754,0.0656386,0.295283,1.96954,2.96069,3.46205,2000,2.96,0.546562,108.589,7.70059
O-L4-1-50,50,,1.66531,0.899559,0.538108,-2.29262,2.93104,6.44867,2000,3.2,-0.160792,152.996,9.27778
O-L5-1-22,21,,6.82009,2.91053,0.268187,-4.04108,4.67448,10.3748,2000,1.8,0.318575,52.91,4.16821
O-L6-1-46,46,,3.21595,0.222002,0.470032,2.7337,3.20886,4.07225,2000,3.2,0.351146,72.245,4.81239
O-L7-1-16,16,,5.84499,1.40703,0.247516,3.93244,7.82459,9.60796,2000,3.2,0.530514,68.589,2.76859
O-L9-1-25,25,3.14987,3.14987,0.131395,0.180789,2.89881,3.19219,3.45033,2000,3.11,0.614365,101.609,2.85331
