profile_id,method,instrument,window_start_m,window_end_m,n,relief_m,rho_regression,rho_se,residual_rms_mgal,lat_c,lon_c
N-L1-1-148,simple,CG6-0640,3000,6000,15,30.1081,4.66955,3.82465,0.225848,24.8029,34.9618
N-L1-1-148,complete,CG6-0640,3000,6000,15,30.1081,1.02873,0.36657,0.186068,24.8029,34.9618
N-L1-1-148,simple,CG6-0640,6000,9000,15,34.9613,5.20137,1.97367,0.284136,24.7906,34.9425
N-L1-1-148,complete,CG6-0640,6000,9000,15,34.9613,3.0084,0.271335,0.106469,24.7906,34.9425
N-L1-1-148,simple,CG6-0640,15000,18000,15,31.8871,6.5738,5.87769,0.31359,24.8098,34.87
N-L1-1-148,complete,CG6-0640,15000,18000,15,31.8871,1.13746,1.13772,0.316607,24.8098,34.87
N-L1-1-148,simple,CG6-0640,18000,21000,15,34.0821,9.1991,4.24272,0.235788,24.8071,34.8459
N-L1-1-148,complete,CG6-0640,18000,21000,15,34.0821,0.28886,1.24803,0.277547,24.8071,34.8459
N-L1-1-148,simple,CG6-0640,24000,27000,14,31.5228,3.59008,3.77971,0.145859,24.8001,34.7963
N-L1-1-148,complete,CG6-0640,24000,27000,14,31.5228,2.61072,0.876051,0.112856,24.8001,34.7963
N-L1-1-148,simple,CG6-0640,27000,30000,14,31.0574,-0.150985,0.869871,0.0774714,24.8173,34.7775
N-L1-1-148,complete,CG6-0640,27000,30000,14,31.0574,-0.398865,0.556535,0.0758272,24.8173,34.7775
N-L1-149-225,simple,CG6-0640,0,3000,15,37.5335,4.66245,3.87647,0.206018,24.7861,34.8137
N-L1-149-225,complete,CG6-0640,0,3000,15,37.5335,2.39,0.783755,0.163694,24.7861,34.8137
N-L1-149-225,simple,CG6-0640,3000,6000,15,34.9703,4.14271,5.12131,0.216434,24.766,34.7998
N-L1-149-225,complete,CG6-0640,3000,6000,15,34.9703,-3.64977,1.22032,0.16823,24.766,34.7998
N-L1-149-225,simple,CG6-0640,9000,12000,11,38.4587,5.23645,4.56553,0.161184,24.7352,34.7893
N-L1-149-225,complete,CG6-0640,9000,12000,11,38.4587,1.67739,1.25215,0.157193,24.7352,34.7893
N-L1-149-225,simple,CG6-0640,12000,15000,12,47.2539,4.61048,1.59625,0.133063,24.714,34.784
N-L1-149-225,complete,CG6-0640,12000,15000,12,47.2539,2.60774,0.771338,0.122597,24.714,34.784
N-L1-149-225,simple,CG6-0640,15000,18000,12,46.5414,7.31885,1.31508,0.190703,24.7065,34.7673
N-L1-149-225,complete,CG6-0640,15000,18000,12,46.5414,0.177086,1.3347,0.401508,24.7065,34.7673
N-L1-226-245,simple,CG6-0640,0,3000,14,37.0312,-2.57255,6.77316,0.343799,24.7531,34.779
N-L1-226-245,complete,CG6-0640,0,3000,14,37.0312,-2.09609,1.27387,0.309993,24.7531,34.779
N-L1-246-300,simple,CG6-0640,3000,6000,19,30.6182,3.6189,0.697243,0.293246,24.7387,34.7393
N-L1-246-300,complete,CG6-0640,3000,6000,19,30.6182,3.37518,0.906715,0.351674,24.7387,34.7393
N-L1-301-335,simple,CG6-0640,0,3000,12,47.9706,-12.924,3.93908,0.451986,24.7313,34.7623
N-L1-301-335,complete,CG6-0640,0,3000,12,47.9706,-4.95785,1.9566,0.511705,24.7313,34.7623
N-L1-301-335,simple,CG6-0640,3000,6000,10,35.0943,2.95772,0.163044,0.193133,24.7121,34.7771
N-L1-301-335,complete,CG6-0640,3000,6000,10,35.0943,2.96686,0.0972408,0.115612,24.7121,34.7771
N-L1-337-346,simple,CG6-0640,0,3000,10,31.9869,4.10216,0.388994,0.311366,24.7084,34.767
N-L1-337-346,complete,CG6-0640,0,3000,10,31.9869,5.29521,0.895636,0.522646,24.7084,34.767
N-L1-358-418,simple,CG6-0640,0,3000,14,33.8231,2.83569,1.95525,0.257368,24.8204,34.7535
N-L1-358-418,complete,CG6-0640,0,3000,14,33.8231,1.97639,1.43207,0.259341,24.8204,34.7535
N-L1-358-418,simple,CG6-0640,3000,6000,15,39.993,4.50473,1.99104,0.292427,24.8039,34.74
N-L1-358-418,complete,CG6-0640,3000,6000,15,39.993,4.40985,1.69904,0.279518,24.8039,34.74
N-L1-358-418,simple,CG6-0640,6000,9000,15,64.8666,3.22292,0.3005,0.291617,24.779,34.7441
N-L1-358-418,complete,CG6-0640,6000,9000,15,64.8666,3.043,0.371669,0.36971,24.779,34.7441
N-L1-358-418,simple,CG6-0640,9000,12000,13,70.1536,8.86353,1.81881,0.392389,24.7564,34.7559
N-L1-358-418,complete,CG6-0640,9000,12000,13,70.1536,21.6101,4.67636,0.407093,24.7564,34.7559
N-L1-419-432,simple,CG6-0640,0,3000,13,58.0106,3.45353,0.471259,0.103831,24.8041,34.8047
N-L1-419-432,complete,CG6-0640,0,3000,13,58.0106,2.27979,0.685877,0.180634,24.8041,34.8047
N-L1-433-501,simple,CG6-0640,0,3000,13,31.0441,8.90018,1.98805,0.123741,24.6994,34.8833
N-L1-433-501,complete,CG6-0640,0,3000,13,31.0441,3.22677,1.3987,0.173268,24.6994,34.8833
N-L1-433-501,simple,CG6-0640,3000,6000,13,33.6099,1.68953,0.714378,0.183655,24.7221,34.8676
N-L1-433-501,complete,CG6-0640,3000,6000,13,33.6099,1.52816,0.797223,0.196119,24.7221,34.8676
N-L1-433-501,simple,CG6-0640,9000,12000,11,48.7269,-3.57651,2.44631,0.3421,24.7367,34.8366
N-L1-433-501,complete,CG6-0640,9000,12000,11,48.7269,-3.92492,2.18671,0.325154,24.7367,34.8366
N-L1-433-501,simple,CG6-0640,12000,15000,12,59.3742,2.7744,0.294266,0.317674,24.7419,34.8216
N-L1-433-501,complete,CG6-0640,12000,15000,12,59.3742,2.54804,0.24922,0.294981,24.7419,34.8216
N-L1-502-517,simple,CG6-0640,0,3000,14,94.4808,1.36336,2.80882,0.260127,24.7951,34.978
N-L1-502-517,complete,CG6-0640,0,3000,14,94.4808,1.29071,0.980917,0.244369,24.7951,34.978
N-L1-518-540,simple,CG6-0640,0,3000,12,32.4592,3.36858,0.20655,0.312708,24.7695,34.8208
N-L1-518-540,complete,CG6-0640,0,3000,12,32.4592,3.28194,0.198863,0.309136,24.7695,34.8208
N-L1-541-557,simple,CG6-0640,0,3000,14,45.1043,3.14776,0.806818,0.449536,24.7531,34.8591
N-L1-541-557,complete,CG6-0640,0,3000,14,45.1043,3.06783,0.698413,0.418224,24.7531,34.8591
O-L10-1-25,simple,CG6-0313,0,3000,14,60.4456,3.17286,1.8439,0.155488,24.7896,34.9649
O-L10-1-25,complete,CG6-0313,0,3000,14,60.4456,0.24275,0.75411,0.17435,24.7896,34.9649
O-L10-1-25,simple,CG6-0313,3000,6000,10,36.7287,3.4456,1.21672,0.108284,24.7686,34.974
O-L10-1-25,complete,CG6-0313,3000,6000,10,36.7287,1.93317,0.985179,0.127399,24.7686,34.974
O-L10-26-50,simple,CG6-0313,0,3000,16,81.1632,9.07606,1.44046,0.19469,24.8144,34.9517
O-L10-26-50,complete,CG6-0313,0,3000,16,81.1632,4.55915,1.07259,0.253568,24.8144,34.9517
O-L11-2-65,simple,CG6-0313,0,3000,17,39.345,7.724,3.13121,0.266285,24.7622,34.8901
O-L11-2-65,complete,CG6-0313,0,3000,17,39.345,2.32526,0.954702,0.267304,24.7622,34.8901
O-L11-2-65,simple,CG6-0313,3000,6000,16,33.9609,10.2451,1.26313,0.192103,24.7438,34.8824
O-L11-2-65,complete,CG6-0313,3000,6000,16,33.9609,6.32337,2.06678,0.360595,24.7438,34.8824
O-L11-2-65,simple,CG6-0313,9000,12000,16,41.2611,1.34234,0.864904,0.12939,24.7224,34.8462
O-L11-2-65,complete,CG6-0313,9000,12000,16,41.2611,1.58614,0.790964,0.123108,24.7224,34.8462
O-L12-1-34,simple,CG6-0313,0,3000,16,37.9628,10.1574,3.93291,0.206659,24.7303,34.8478
O-L12-1-34,complete,CG6-0313,0,3000,16,37.9628,3.46391,3.92625,0.246921,24.7303,34.8478
O-L12-1-34,simple,CG6-0313,3000,6000,16,39.3387,4.85077,2.37484,0.176431,24.7398,34.869
O-L12-1-34,complete,CG6-0313,3000,6000,16,39.3387,3.67546,1.29547,0.159355,24.7398,34.869
O-L13-1-15,simple,CG6-0313,0,3000,15,76.4263,3.98768,2.13035,0.135024,24.8109,34.9441
O-L13-1-15,complete,CG6-0313,0,3000,15,76.4263,1.19617,0.977846,0.144717,24.8109,34.9441
O-L15-1-60,simple,CG6-0313,0,3000,16,36.0958,19.7066,2.44225,0.262902,24.6872,34.8797
O-L15-1-60,complete,CG6-0313,0,3000,16,36.0958,6.19749,0.610439,0.215665,24.6872,34.8797
O-L15-1-60,simple,CG6-0313,6000,9000,14,33.5939,3.09632,1.52389,0.225598,24.7081,34.8369
O-L15-1-60,complete,CG6-0313,6000,9000,14,33.5939,1.52452,1.52817,0.253354,24.7081,34.8369
O-L15-1-60,simple,CG6-0313,9000,12000,13,48.0817,7.37984,3.16049,0.648981,24.7152,34.8133
O-L15-1-60,complete,CG6-0313,9000,12000,13,48.0817,6.63882,0.752587,0.272234,24.7152,34.8133
O-L2-1-26,simple,CG6-0313,0,3000,16,46.3446,9.44362,3.37742,0.31784,24.7814,34.9226
O-L2-1-26,complete,CG6-0313,0,3000,16,46.3446,2.38959,0.843399,0.316254,24.7814,34.9226
O-L3-1-42,simple,CG6-0313,0,3000,16,44.8421,3.42378,0.792109,0.143122,24.7745,34.877
O-L3-1-42,complete,CG6-0313,0,3000,16,44.8421,2.51082,0.763183,0.165049,24.7745,34.877
O-L3-1-42,simple,CG6-0313,3000,6000,15,60.1295,0.633457,0.550387,0.125086,24.7817,34.8498
O-L3-1-42,complete,CG6-0313,3000,6000,15,60.1295,0.986242,0.491682,0.114066,24.7817,34.8498
O-L3-1-42,simple,CG6-0313,6000,9000,11,48.024,2.53037,1.00343,0.145112,24.7916,34.8361
O-L3-1-42,complete,CG6-0313,6000,9000,11,48.024,1.60489,0.587415,0.13983,24.7916,34.8361
O-L4-1-50,simple,CG6-0313,0,3000,15,42.7097,-1.56904,5.61189,0.433593,24.7687,34.866
O-L4-1-50,complete,CG6-0313,0,3000,15,42.7097,0.0427531,1.40573,0.434987,24.7687,34.866
O-L4-1-50,simple,CG6-0313,3000,6000,16,43.4062,2.02753,2.9081,0.262193,24.7617,34.8488
O-L4-1-50,complete,CG6-0313,3000,6000,16,43.4062,3.20298,1.18663,0.213781,24.7617,34.8488
O-L4-1-50,simple,CG6-0313,6000,9000,17,50.8104,4.11645,0.921138,0.209735,24.7564,34.8276
O-L4-1-50,complete,CG6-0313,6000,9000,17,50.8104,3.45154,0.482524,0.151429,24.7564,34.8276
O-L5-1-22,simple,CG6-0313,0,3000,16,37.849,1.99592,2.68398,0.175045,24.7856,34.8132
O-L5-1-22,complete,CG6-0313,0,3000,16,37.849,1.31851,0.809374,0.162876,24.7856,34.8132
O-L6-1-46,simple,CG6-0313,0,3000,31,64.2222,2.23993,0.531127,0.150093,24.8052,34.8256
O-L6-1-46,complete,CG6-0313,0,3000,31,64.2222,2.68337,0.242154,0.0827053,24.8052,34.8256
O-L7-1-16,simple,CG6-0313,0,3000,16,68.5111,5.85219,1.4054,0.247588,24.82,34.8379
O-L7-1-16,complete,CG6-0313,0,3000,16,68.5111,2.94758,0.261104,0.115077,24.82,34.8379
O-L9-1-25,simple,CG6-0313,0,3000,25,101.528,3.15013,0.131493,0.180929,24.8139,34.8331
O-L9-1-25,complete,CG6-0313,0,3000,25,101.528,2.77186,0.062439,0.0989414,24.8139,34.8331
