gnss_day,n,median_h_ellip_minus_dem,median_H_minus_dem,mad_H_minus_dem,day_shift_applied,median_N_egm2008,median_H_minus_dem_without_day_shift
1,118,11.8133,-0.0831489,0.386483,0,11.9496,-0.0831489
2,90,12.0889,-0.0900434,0.349214,0,12.2419,-0.0900434
3,116,12.4022,-0.0408944,0.179271,0,12.4293,-0.0408944
4,75,12.0152,-0.442843,0.378822,0,12.4819,-0.442843
5,121,12.3418,-0.235409,0.341996,0,12.5646,-0.235409
6,63,11.0692,-1.19614,0.987723,0,12.3882,-1.19614
7,144,14.3014,-0.817147,0.600822,2.832,12.4256,2.01485
8,175,11.9185,-0.164507,0.303098,0,12.2216,-0.164507
9,99,11.7558,-0.567375,0.499033,0,12.2801,-0.567375
