day_seq,n_readings,n_accepted,time_first,time_last,lon_median,lat_median,diurnal_min_nT,diurnal_max_nT,tmi_median_nT,tmi_min_nT,tmi_max_nT
1,52,51,114913.0,133037.0,34.83988565,24.783730249999998,-104.0,0.0,42037.385,41889.9,42093.03
2,1463,1459,93713.0,140032.0,34.8421047,24.8012663,-9.0,-0.20000000000436557,42015.77,41519.64,42449.02
3,1322,1317,65249.0,140820.0,34.79457635,24.775375349999997,-36.0,-0.5,41894.265,41795.95,42162.68
4,158,148,101452.0,140016.0,34.783446350000006,24.73180835,-80.0,-2.0,41832.315,41305.44,42076.22
5,5199,5109,71234.0,132402.0,34.7746455,24.7216069,-170.0,-3.0,41604.23,39988.74,43937.19
6,1897,1889,83431.0,142316.0,34.8204431,24.8097005,-80.0,-5.0,41867.31,41755.97,42174.96
7,330,325,80252.0,145116.0,34.862448549999996,24.741751700000002,-12.0,-2.0,41890.005000000005,41754.96,42459.22
8,1453,1440,72958.0,144310.0,34.8352537,24.8130018,-44.0,-3.0,41917.94,41569.46,42296.24
9,241,226,75825.0,145122.0,34.8881415,24.7204365,-21.0,-10.0,41813.93,41479.35,42040.27
10,46,42,72302.0,95604.0,34.90401405,24.776584149999998,-16.0,-0.19999999999708962,42105.43,41436.2,42695.0
